{
    "openml_task_id": -2,
    "dataset_name": "breast_cancer",
    "target_name": "target",
    "class_labels": [
        "0",
        "1",
        "2",
        "3",
        "4",
        "5",
        "6",
        "7",
        "8",
        "9"
    ],
    "predictors": [
        "RF_10",
        "RF_100",
        "RF_200",
        "GB_10",
        "GB_100"
    ],
    "confidences": [
        "confidence.0.RF_10",
        "confidence.1.RF_10",
        "confidence.2.RF_10",
        "confidence.3.RF_10",
        "confidence.4.RF_10",
        "confidence.5.RF_10",
        "confidence.6.RF_10",
        "confidence.7.RF_10",
        "confidence.8.RF_10",
        "confidence.9.RF_10",
        "confidence.0.RF_100",
        "confidence.1.RF_100",
        "confidence.2.RF_100",
        "confidence.3.RF_100",
        "confidence.4.RF_100",
        "confidence.5.RF_100",
        "confidence.6.RF_100",
        "confidence.7.RF_100",
        "confidence.8.RF_100",
        "confidence.9.RF_100",
        "confidence.0.RF_200",
        "confidence.1.RF_200",
        "confidence.2.RF_200",
        "confidence.3.RF_200",
        "confidence.4.RF_200",
        "confidence.5.RF_200",
        "confidence.6.RF_200",
        "confidence.7.RF_200",
        "confidence.8.RF_200",
        "confidence.9.RF_200",
        "confidence.0.GB_10",
        "confidence.1.GB_10",
        "confidence.2.GB_10",
        "confidence.3.GB_10",
        "confidence.4.GB_10",
        "confidence.5.GB_10",
        "confidence.6.GB_10",
        "confidence.7.GB_10",
        "confidence.8.GB_10",
        "confidence.9.GB_10",
        "confidence.0.GB_100",
        "confidence.1.GB_100",
        "confidence.2.GB_100",
        "confidence.3.GB_100",
        "confidence.4.GB_100",
        "confidence.5.GB_100",
        "confidence.6.GB_100",
        "confidence.7.GB_100",
        "confidence.8.GB_100",
        "confidence.9.GB_100"
    ],
    "predictor_descriptions": {
        "RF_10": "RandomForestClassifier(n_estimators=10)",
        "RF_100": "RandomForestClassifier()",
        "RF_200": "RandomForestClassifier(n_estimators=200)",
        "GB_10": "HistGradientBoostingClassifier(max_iter=10)",
        "GB_100": "HistGradientBoostingClassifier()"
    },
    "bad_predictors": [],
    "confidence_prefix": "confidence.",
    "feature_names": [
        "pixel_0_0",
        "pixel_0_1",
        "pixel_0_2",
        "pixel_0_3",
        "pixel_0_4",
        "pixel_0_5",
        "pixel_0_6",
        "pixel_0_7",
        "pixel_1_0",
        "pixel_1_1",
        "pixel_1_2",
        "pixel_1_3",
        "pixel_1_4",
        "pixel_1_5",
        "pixel_1_6",
        "pixel_1_7",
        "pixel_2_0",
        "pixel_2_1",
        "pixel_2_2",
        "pixel_2_3",
        "pixel_2_4",
        "pixel_2_5",
        "pixel_2_6",
        "pixel_2_7",
        "pixel_3_0",
        "pixel_3_1",
        "pixel_3_2",
        "pixel_3_3",
        "pixel_3_4",
        "pixel_3_5",
        "pixel_3_6",
        "pixel_3_7",
        "pixel_4_0",
        "pixel_4_1",
        "pixel_4_2",
        "pixel_4_3",
        "pixel_4_4",
        "pixel_4_5",
        "pixel_4_6",
        "pixel_4_7",
        "pixel_5_0",
        "pixel_5_1",
        "pixel_5_2",
        "pixel_5_3",
        "pixel_5_4",
        "pixel_5_5",
        "pixel_5_6",
        "pixel_5_7",
        "pixel_6_0",
        "pixel_6_1",
        "pixel_6_2",
        "pixel_6_3",
        "pixel_6_4",
        "pixel_6_5",
        "pixel_6_6",
        "pixel_6_7",
        "pixel_7_0",
        "pixel_7_1",
        "pixel_7_2",
        "pixel_7_3",
        "pixel_7_4",
        "pixel_7_5",
        "pixel_7_6",
        "pixel_7_7"
    ],
    "cat_feature_names": [],
    "selection_constraints": {
        "manual": true
    },
    "task_type": "classification",
    "predictor_corruptions_details": {},
    "use_validation_data": false,
    "random_int_seed_outer_folds": null,
    "random_int_seed_inner_folds": null,
    "folds": [
        3.0,
        0.0,
        4.0,
        0.0,
        3.0,
        2.0,
        6.0,
        1.0,
        8.0,
        4.0,
        8.0,
        7.0,
        7.0,
        6.0,
        7.0,
        9.0,
        1.0,
        0.0,
        8.0,
        7.0,
        3.0,
        5.0,
        5.0,
        1.0,
        7.0,
        2.0,
        3.0,
        7.0,
        9.0,
        1.0,
        3.0,
        4.0,
        1.0,
        6.0,
        3.0,
        3.0,
        6.0,
        3.0,
        6.0,
        9.0,
        7.0,
        1.0,
        5.0,
        5.0,
        5.0,
        0.0,
        5.0,
        5.0,
        6.0,
        0.0,
        9.0,
        7.0,
        4.0,
        8.0,
        2.0,
        8.0,
        6.0,
        5.0,
        4.0,
        2.0,
        0.0,
        5.0,
        6.0,
        4.0,
        7.0,
        6.0,
        2.0,
        1.0,
        9.0,
        4.0,
        6.0,
        5.0,
        5.0,
        4.0,
        3.0,
        5.0,
        6.0,
        3.0,
        5.0,
        7.0,
        3.0,
        7.0,
        7.0,
        6.0,
        2.0,
        2.0,
        0.0,
        3.0,
        0.0,
        0.0,
        6.0,
        0.0,
        7.0,
        1.0,
        4.0,
        3.0,
        3.0,
        8.0,
        8.0,
        2.0,
        2.0,
        8.0,
        8.0,
        7.0,
        9.0,
        8.0,
        9.0,
        7.0,
        1.0,
        8.0,
        7.0,
        4.0,
        1.0,
        7.0,
        2.0,
        4.0,
        3.0,
        2.0,
        2.0,
        9.0,
        2.0,
        3.0,
        8.0,
        5.0,
        2.0,
        4.0,
        0.0,
        8.0,
        8.0,
        8.0,
        5.0,
        6.0,
        6.0,
        3.0,
        7.0,
        0.0,
        0.0,
        2.0,
        2.0,
        3.0,
        9.0,
        7.0,
        7.0,
        5.0,
        2.0,
        1.0,
        0.0,
        1.0,
        7.0,
        5.0,
        4.0,
        5.0,
        0.0,
        9.0,
        5.0,
        9.0,
        5.0,
        0.0,
        7.0,
        0.0,
        1.0,
        0.0,
        3.0,
        2.0,
        2.0,
        1.0,
        1.0,
        1.0,
        3.0,
        3.0,
        3.0,
        1.0,
        7.0,
        4.0,
        2.0,
        0.0,
        1.0,
        7.0,
        3.0,
        2.0,
        3.0,
        3.0,
        9.0,
        3.0,
        7.0,
        3.0,
        3.0,
        4.0,
        0.0,
        7.0,
        8.0,
        3.0,
        7.0,
        7.0,
        6.0,
        5.0,
        1.0,
        4.0,
        4.0,
        7.0,
        9.0,
        0.0,
        2.0,
        3.0,
        2.0,
        0.0,
        0.0,
        2.0,
        0.0,
        5.0,
        6.0,
        0.0,
        8.0,
        1.0,
        2.0,
        0.0,
        9.0,
        7.0,
        2.0,
        0.0,
        2.0,
        9.0,
        2.0,
        1.0,
        1.0,
        2.0,
        1.0,
        2.0,
        0.0,
        3.0,
        4.0,
        3.0,
        5.0,
        7.0,
        4.0,
        9.0,
        4.0,
        5.0,
        4.0,
        1.0,
        8.0,
        8.0,
        4.0,
        6.0,
        3.0,
        3.0,
        9.0,
        2.0,
        3.0,
        6.0,
        6.0,
        5.0,
        6.0,
        6.0,
        6.0,
        7.0,
        7.0,
        4.0,
        8.0,
        0.0,
        5.0,
        8.0,
        6.0,
        8.0,
        5.0,
        2.0,
        4.0,
        4.0,
        7.0,
        1.0,
        8.0,
        4.0,
        2.0,
        5.0,
        6.0,
        9.0,
        6.0,
        0.0,
        9.0,
        0.0,
        0.0,
        8.0,
        1.0,
        6.0,
        0.0,
        9.0,
        9.0,
        1.0,
        4.0,
        3.0,
        5.0,
        6.0,
        1.0,
        8.0,
        2.0,
        4.0,
        1.0,
        7.0,
        5.0,
        5.0,
        8.0,
        1.0,
        6.0,
        2.0,
        3.0,
        7.0,
        8.0,
        8.0,
        4.0,
        1.0,
        4.0,
        2.0,
        7.0,
        9.0,
        6.0,
        3.0,
        9.0,
        8.0,
        2.0,
        7.0,
        9.0,
        1.0,
        3.0,
        8.0,
        8.0,
        5.0,
        2.0,
        4.0,
        0.0,
        3.0,
        6.0,
        8.0,
        1.0,
        6.0,
        2.0,
        9.0,
        3.0,
        5.0,
        3.0,
        4.0,
        9.0,
        3.0,
        9.0,
        7.0,
        6.0,
        2.0,
        6.0,
        7.0,
        5.0,
        8.0,
        9.0,
        5.0,
        0.0,
        1.0,
        8.0,
        5.0,
        1.0,
        5.0,
        3.0,
        0.0,
        3.0,
        1.0,
        9.0,
        0.0,
        7.0,
        4.0,
        2.0,
        6.0,
        5.0,
        6.0,
        8.0,
        5.0,
        0.0,
        9.0,
        3.0,
        9.0,
        1.0,
        3.0,
        0.0,
        3.0,
        5.0,
        6.0,
        5.0,
        0.0,
        6.0,
        9.0,
        9.0,
        6.0,
        8.0,
        1.0,
        3.0,
        8.0,
        0.0,
        2.0,
        3.0,
        8.0,
        1.0,
        1.0,
        0.0,
        5.0,
        9.0,
        7.0,
        0.0,
        2.0,
        4.0,
        7.0,
        1.0,
        5.0,
        9.0,
        4.0,
        2.0,
        3.0,
        0.0,
        0.0,
        5.0,
        5.0,
        5.0,
        1.0,
        2.0,
        0.0,
        6.0,
        0.0,
        5.0,
        3.0,
        7.0,
        7.0,
        5.0,
        8.0,
        4.0,
        9.0,
        0.0,
        6.0,
        2.0,
        0.0,
        6.0,
        1.0,
        0.0,
        1.0,
        6.0,
        3.0,
        8.0,
        7.0,
        2.0,
        8.0,
        2.0,
        3.0,
        7.0,
        3.0,
        9.0,
        5.0,
        5.0,
        8.0,
        6.0,
        1.0,
        1.0,
        3.0,
        3.0,
        5.0,
        4.0,
        1.0,
        8.0,
        2.0,
        1.0,
        2.0,
        8.0,
        0.0,
        5.0,
        7.0,
        9.0,
        5.0,
        9.0,
        3.0,
        9.0,
        5.0,
        9.0,
        2.0,
        4.0,
        9.0,
        7.0,
        8.0,
        0.0,
        7.0,
        1.0,
        5.0,
        8.0,
        4.0,
        5.0,
        7.0,
        6.0,
        6.0,
        2.0,
        6.0,
        2.0,
        5.0,
        3.0,
        8.0,
        3.0,
        3.0,
        8.0,
        9.0,
        7.0,
        6.0,
        3.0,
        0.0,
        3.0,
        9.0,
        1.0,
        9.0,
        2.0,
        3.0,
        9.0,
        0.0,
        7.0,
        0.0,
        3.0,
        1.0,
        2.0,
        9.0,
        0.0,
        5.0,
        9.0,
        1.0,
        7.0,
        0.0,
        9.0,
        1.0,
        8.0,
        4.0,
        4.0,
        0.0,
        8.0,
        0.0,
        7.0,
        9.0,
        1.0,
        1.0,
        1.0,
        0.0,
        1.0,
        3.0,
        9.0,
        1.0,
        6.0,
        0.0,
        9.0,
        8.0,
        6.0,
        6.0,
        1.0,
        2.0,
        3.0,
        1.0,
        9.0,
        8.0,
        8.0,
        5.0,
        3.0,
        2.0,
        3.0,
        9.0,
        4.0,
        4.0,
        2.0,
        1.0,
        8.0,
        3.0,
        1.0,
        1.0,
        1.0,
        9.0,
        1.0,
        9.0,
        8.0,
        3.0,
        3.0,
        3.0,
        9.0,
        1.0,
        8.0,
        8.0,
        6.0,
        2.0,
        1.0,
        7.0,
        4.0,
        0.0,
        1.0,
        0.0,
        8.0,
        5.0,
        9.0,
        6.0,
        7.0,
        1.0,
        1.0,
        4.0,
        4.0,
        7.0,
        8.0,
        2.0,
        9.0,
        3.0,
        0.0,
        3.0,
        3.0,
        2.0,
        5.0,
        3.0,
        9.0,
        7.0,
        7.0,
        8.0,
        6.0,
        6.0,
        0.0,
        3.0,
        9.0,
        7.0,
        2.0,
        0.0,
        7.0,
        9.0,
        6.0,
        6.0,
        9.0,
        7.0,
        0.0,
        2.0,
        3.0,
        6.0,
        5.0,
        4.0,
        4.0,
        2.0,
        3.0,
        2.0,
        4.0,
        1.0,
        6.0,
        0.0,
        5.0,
        0.0,
        5.0,
        2.0,
        0.0,
        2.0,
        6.0,
        8.0,
        2.0,
        4.0,
        8.0,
        1.0,
        8.0,
        2.0,
        2.0,
        7.0,
        9.0,
        4.0,
        5.0,
        7.0,
        6.0,
        8.0,
        6.0,
        5.0,
        8.0,
        0.0,
        3.0,
        9.0,
        9.0,
        1.0,
        7.0,
        3.0,
        7.0,
        3.0,
        9.0,
        0.0,
        0.0,
        9.0,
        9.0,
        9.0,
        0.0,
        1.0,
        3.0,
        2.0,
        6.0,
        5.0,
        5.0,
        8.0,
        8.0,
        3.0,
        8.0,
        8.0,
        9.0,
        0.0,
        5.0,
        5.0,
        1.0,
        5.0,
        2.0,
        3.0,
        8.0,
        2.0,
        3.0,
        0.0,
        9.0,
        2.0,
        1.0,
        6.0,
        9.0,
        4.0,
        7.0,
        9.0,
        2.0,
        1.0,
        6.0,
        0.0,
        6.0,
        7.0,
        0.0,
        6.0,
        8.0,
        5.0,
        4.0,
        3.0,
        6.0,
        4.0,
        3.0,
        9.0,
        1.0,
        5.0,
        4.0,
        1.0,
        1.0,
        0.0,
        9.0,
        8.0,
        4.0,
        3.0,
        5.0,
        7.0,
        4.0,
        4.0,
        9.0,
        3.0,
        6.0,
        1.0,
        0.0,
        9.0,
        3.0,
        2.0,
        3.0,
        4.0,
        5.0,
        7.0,
        0.0,
        3.0,
        1.0,
        8.0,
        5.0,
        3.0,
        6.0,
        4.0,
        4.0,
        4.0,
        8.0,
        9.0,
        5.0,
        2.0,
        3.0,
        1.0,
        3.0,
        4.0,
        8.0,
        7.0,
        2.0,
        6.0,
        6.0,
        7.0,
        7.0,
        6.0,
        8.0,
        7.0,
        4.0,
        4.0,
        4.0,
        4.0,
        6.0,
        2.0,
        8.0,
        2.0,
        7.0,
        9.0,
        9.0,
        7.0,
        7.0,
        6.0,
        6.0,
        8.0,
        5.0,
        9.0,
        7.0,
        6.0,
        0.0,
        6.0,
        4.0,
        7.0,
        9.0,
        6.0,
        7.0,
        5.0,
        7.0,
        0.0,
        9.0,
        4.0,
        9.0,
        8.0,
        3.0,
        1.0,
        5.0,
        1.0,
        0.0,
        2.0,
        5.0,
        9.0,
        2.0,
        8.0,
        7.0,
        4.0,
        6.0,
        4.0,
        2.0,
        4.0,
        9.0,
        1.0,
        2.0,
        8.0,
        5.0,
        6.0,
        6.0,
        5.0,
        4.0,
        8.0,
        8.0,
        1.0,
        2.0,
        1.0,
        5.0,
        4.0,
        3.0,
        5.0,
        3.0,
        7.0,
        4.0,
        1.0,
        6.0,
        6.0,
        5.0,
        7.0,
        5.0,
        9.0,
        1.0,
        1.0,
        4.0,
        1.0,
        4.0,
        4.0,
        6.0,
        3.0,
        5.0,
        4.0,
        9.0,
        4.0,
        9.0,
        7.0,
        2.0,
        8.0,
        8.0,
        3.0,
        1.0,
        5.0,
        2.0,
        7.0,
        0.0,
        7.0,
        0.0,
        2.0,
        0.0,
        8.0,
        8.0,
        6.0,
        0.0,
        2.0,
        8.0,
        1.0,
        6.0,
        4.0,
        0.0,
        1.0,
        7.0,
        9.0,
        6.0,
        4.0,
        2.0,
        8.0,
        8.0,
        4.0,
        3.0,
        9.0,
        7.0,
        1.0,
        9.0,
        3.0,
        0.0,
        2.0,
        6.0,
        2.0,
        7.0,
        3.0,
        4.0,
        1.0,
        3.0,
        4.0,
        9.0,
        1.0,
        6.0,
        4.0,
        0.0,
        7.0,
        8.0,
        6.0,
        3.0,
        8.0,
        3.0,
        6.0,
        6.0,
        0.0,
        9.0,
        7.0,
        7.0,
        2.0,
        3.0,
        7.0,
        2.0,
        4.0,
        9.0,
        1.0,
        5.0,
        6.0,
        7.0,
        8.0,
        1.0,
        5.0,
        9.0,
        5.0,
        0.0,
        2.0,
        8.0,
        1.0,
        4.0,
        2.0,
        3.0,
        8.0,
        9.0,
        3.0,
        1.0,
        8.0,
        1.0,
        2.0,
        7.0,
        4.0,
        9.0,
        2.0,
        9.0,
        5.0,
        9.0,
        8.0,
        6.0,
        0.0,
        7.0,
        0.0,
        1.0,
        0.0,
        0.0,
        5.0,
        6.0,
        5.0,
        9.0,
        9.0,
        3.0,
        5.0,
        2.0,
        7.0,
        2.0,
        2.0,
        8.0,
        4.0,
        0.0,
        1.0,
        9.0,
        0.0,
        1.0,
        0.0,
        4.0,
        6.0,
        7.0,
        2.0,
        3.0,
        5.0,
        8.0,
        7.0,
        2.0,
        1.0,
        4.0,
        7.0,
        0.0,
        0.0,
        7.0,
        7.0,
        7.0,
        1.0,
        1.0,
        7.0,
        6.0,
        5.0,
        7.0,
        2.0,
        4.0,
        1.0,
        6.0,
        5.0,
        5.0,
        8.0,
        5.0,
        9.0,
        4.0,
        4.0,
        2.0,
        0.0,
        8.0,
        4.0,
        8.0,
        5.0,
        1.0,
        3.0,
        7.0,
        4.0,
        5.0,
        7.0,
        2.0,
        0.0,
        1.0,
        4.0,
        1.0,
        0.0,
        6.0,
        7.0,
        9.0,
        8.0,
        6.0,
        9.0,
        8.0,
        9.0,
        5.0,
        0.0,
        3.0,
        5.0,
        5.0,
        1.0,
        2.0,
        0.0,
        8.0,
        2.0,
        2.0,
        9.0,
        6.0,
        4.0,
        6.0,
        0.0,
        3.0,
        5.0,
        9.0,
        1.0,
        4.0,
        9.0,
        4.0,
        0.0,
        3.0,
        2.0,
        1.0,
        6.0,
        2.0,
        6.0,
        5.0,
        6.0,
        3.0,
        7.0,
        0.0,
        5.0,
        3.0,
        4.0,
        8.0,
        7.0,
        9.0,
        2.0,
        1.0,
        7.0,
        0.0,
        8.0,
        6.0,
        0.0,
        2.0,
        6.0,
        6.0,
        8.0,
        3.0,
        6.0,
        7.0,
        4.0,
        7.0,
        3.0,
        0.0,
        0.0,
        5.0,
        9.0,
        5.0,
        1.0,
        7.0,
        4.0,
        7.0,
        6.0,
        5.0,
        7.0,
        1.0,
        3.0,
        0.0,
        4.0,
        8.0,
        4.0,
        6.0,
        6.0,
        8.0,
        8.0,
        0.0,
        9.0,
        3.0,
        8.0,
        9.0,
        8.0,
        0.0,
        0.0,
        4.0,
        3.0,
        0.0,
        8.0,
        2.0,
        2.0,
        1.0,
        0.0,
        3.0,
        9.0,
        3.0,
        3.0,
        6.0,
        9.0,
        3.0,
        2.0,
        8.0,
        0.0,
        4.0,
        1.0,
        8.0,
        0.0,
        2.0,
        6.0,
        5.0,
        2.0,
        4.0,
        5.0,
        8.0,
        3.0,
        0.0,
        4.0,
        1.0,
        1.0,
        7.0,
        7.0,
        1.0,
        8.0,
        2.0,
        9.0,
        5.0,
        8.0,
        7.0,
        2.0,
        6.0,
        6.0,
        7.0,
        0.0,
        9.0,
        3.0,
        2.0,
        9.0,
        0.0,
        0.0,
        9.0,
        0.0,
        6.0,
        2.0,
        5.0,
        6.0,
        5.0,
        5.0,
        5.0,
        4.0,
        5.0,
        3.0,
        3.0,
        3.0,
        1.0,
        4.0,
        9.0,
        4.0,
        0.0,
        5.0,
        4.0,
        0.0,
        6.0,
        0.0,
        6.0,
        1.0,
        3.0,
        5.0,
        6.0,
        3.0,
        0.0,
        3.0,
        2.0,
        2.0,
        6.0,
        3.0,
        9.0,
        2.0,
        8.0,
        4.0,
        1.0,
        4.0,
        8.0,
        0.0,
        4.0,
        1.0,
        1.0,
        4.0,
        2.0,
        4.0,
        4.0,
        3.0,
        4.0,
        2.0,
        9.0,
        2.0,
        2.0,
        1.0,
        0.0,
        7.0,
        1.0,
        3.0,
        1.0,
        0.0,
        9.0,
        3.0,
        6.0,
        2.0,
        4.0,
        3.0,
        4.0,
        8.0,
        7.0,
        0.0,
        0.0,
        9.0,
        4.0,
        7.0,
        7.0,
        3.0,
        5.0,
        3.0,
        5.0,
        0.0,
        9.0,
        2.0,
        2.0,
        8.0,
        6.0,
        2.0,
        1.0,
        7.0,
        0.0,
        6.0,
        5.0,
        8.0,
        4.0,
        0.0,
        0.0,
        6.0,
        6.0,
        8.0,
        7.0,
        7.0,
        4.0,
        3.0,
        3.0,
        7.0,
        8.0,
        6.0,
        6.0,
        0.0,
        5.0,
        2.0,
        2.0,
        4.0,
        0.0,
        4.0,
        0.0,
        5.0,
        9.0,
        1.0,
        4.0,
        2.0,
        4.0,
        3.0,
        7.0,
        8.0,
        9.0,
        2.0,
        8.0,
        7.0,
        8.0,
        2.0,
        7.0,
        9.0,
        3.0,
        0.0,
        0.0,
        0.0,
        6.0,
        1.0,
        4.0,
        5.0,
        2.0,
        7.0,
        7.0,
        1.0,
        9.0,
        5.0,
        4.0,
        8.0,
        3.0,
        9.0,
        9.0,
        2.0,
        1.0,
        9.0,
        6.0,
        7.0,
        4.0,
        7.0,
        2.0,
        8.0,
        5.0,
        7.0,
        7.0,
        7.0,
        6.0,
        3.0,
        4.0,
        9.0,
        6.0,
        2.0,
        1.0,
        4.0,
        7.0,
        6.0,
        8.0,
        7.0,
        3.0,
        1.0,
        9.0,
        5.0,
        7.0,
        4.0,
        7.0,
        7.0,
        6.0,
        0.0,
        4.0,
        4.0,
        0.0,
        7.0,
        8.0,
        1.0,
        7.0,
        5.0,
        5.0,
        0.0,
        2.0,
        4.0,
        4.0,
        5.0,
        1.0,
        2.0,
        5.0,
        5.0,
        5.0,
        7.0,
        5.0,
        1.0,
        7.0,
        4.0,
        1.0,
        5.0,
        8.0,
        8.0,
        5.0,
        6.0,
        5.0,
        1.0,
        2.0,
        6.0,
        4.0,
        6.0,
        1.0,
        8.0,
        2.0,
        4.0,
        2.0,
        6.0,
        8.0,
        2.0,
        4.0,
        3.0,
        8.0,
        1.0,
        0.0,
        4.0,
        8.0,
        1.0,
        2.0,
        6.0,
        5.0,
        4.0,
        8.0,
        8.0,
        9.0,
        6.0,
        8.0,
        8.0,
        2.0,
        8.0,
        8.0,
        9.0,
        9.0,
        6.0,
        1.0,
        7.0,
        8.0,
        6.0,
        1.0,
        7.0,
        5.0,
        5.0,
        1.0,
        8.0,
        5.0,
        7.0,
        4.0,
        6.0,
        5.0,
        6.0,
        5.0,
        7.0,
        3.0,
        6.0,
        5.0,
        9.0,
        7.0,
        2.0,
        9.0,
        7.0,
        2.0,
        5.0,
        1.0,
        6.0,
        3.0,
        8.0,
        8.0,
        2.0,
        6.0,
        1.0,
        5.0,
        1.0,
        1.0,
        2.0,
        2.0,
        5.0,
        9.0,
        0.0,
        9.0,
        5.0,
        9.0,
        6.0,
        5.0,
        7.0,
        2.0,
        8.0,
        9.0,
        5.0,
        1.0,
        7.0,
        6.0,
        0.0,
        1.0,
        9.0,
        7.0,
        1.0,
        6.0,
        9.0,
        5.0,
        3.0,
        4.0,
        1.0,
        2.0,
        5.0,
        8.0,
        8.0,
        0.0,
        1.0,
        5.0,
        3.0,
        0.0,
        0.0,
        3.0,
        5.0,
        8.0,
        6.0,
        9.0,
        4.0,
        5.0,
        0.0,
        1.0,
        4.0,
        5.0,
        3.0,
        3.0,
        5.0,
        8.0,
        4.0,
        9.0,
        1.0,
        7.0,
        0.0,
        8.0,
        7.0,
        7.0,
        6.0,
        1.0,
        8.0,
        8.0,
        6.0,
        4.0,
        9.0,
        4.0,
        5.0,
        9.0,
        8.0,
        5.0,
        7.0,
        0.0,
        2.0,
        4.0,
        9.0,
        1.0,
        4.0,
        5.0,
        8.0,
        8.0,
        2.0,
        8.0,
        7.0,
        3.0,
        7.0,
        1.0,
        4.0,
        4.0,
        6.0,
        3.0,
        8.0,
        1.0,
        8.0,
        1.0,
        0.0,
        3.0,
        8.0,
        9.0,
        0.0,
        4.0,
        1.0,
        4.0,
        8.0,
        5.0,
        2.0,
        5.0,
        2.0,
        6.0,
        3.0,
        4.0,
        4.0,
        7.0,
        7.0,
        0.0,
        0.0,
        9.0,
        1.0,
        0.0,
        2.0,
        3.0,
        0.0,
        6.0,
        1.0,
        9.0,
        7.0,
        6.0,
        2.0,
        8.0,
        0.0,
        6.0,
        1.0,
        8.0,
        6.0,
        3.0,
        6.0,
        7.0,
        4.0,
        9.0,
        5.0,
        7.0,
        6.0,
        1.0,
        1.0,
        5.0,
        8.0,
        1.0,
        2.0,
        6.0,
        7.0,
        4.0,
        1.0,
        7.0,
        1.0,
        3.0,
        0.0,
        7.0,
        6.0,
        8.0,
        2.0,
        4.0,
        9.0,
        9.0,
        3.0,
        6.0,
        7.0,
        6.0,
        0.0,
        6.0,
        8.0,
        6.0,
        2.0,
        2.0,
        7.0,
        9.0,
        9.0,
        3.0,
        8.0,
        4.0,
        9.0,
        2.0,
        5.0,
        9.0,
        4.0,
        0.0,
        7.0,
        4.0,
        4.0,
        4.0,
        9.0,
        5.0,
        8.0,
        4.0,
        3.0,
        2.0,
        8.0,
        9.0,
        8.0,
        0.0,
        4.0,
        0.0,
        3.0,
        4.0,
        9.0,
        0.0,
        2.0,
        2.0,
        2.0,
        0.0,
        7.0,
        1.0,
        2.0,
        1.0,
        9.0,
        2.0,
        2.0,
        5.0,
        3.0,
        0.0,
        2.0,
        6.0,
        4.0,
        8.0,
        6.0,
        9.0,
        5.0,
        9.0,
        2.0,
        4.0,
        8.0,
        7.0,
        9.0,
        6.0,
        4.0,
        9.0,
        5.0,
        3.0,
        3.0,
        0.0,
        3.0,
        2.0,
        3.0,
        6.0,
        8.0,
        4.0,
        3.0,
        9.0,
        5.0,
        3.0,
        7.0,
        6.0,
        9.0,
        8.0,
        0.0,
        5.0,
        3.0,
        1.0,
        1.0,
        1.0,
        0.0,
        4.0,
        4.0,
        3.0,
        6.0,
        2.0,
        6.0,
        5.0,
        0.0,
        8.0,
        9.0,
        6.0,
        6.0,
        5.0,
        4.0,
        9.0,
        5.0,
        3.0,
        9.0,
        9.0,
        6.0,
        9.0,
        7.0,
        0.0,
        2.0,
        5.0,
        6.0,
        4.0,
        0.0,
        0.0,
        9.0,
        5.0,
        3.0,
        9.0
    ]
}