{
    "openml_task_id": -4,
    "dataset_name": "breast_cancer",
    "target_name": "target",
    "class_labels": [
        "class_0",
        "class_1",
        "class_2"
    ],
    "predictors": [
        "RF_10",
        "RF_100",
        "RF_200",
        "GB_10",
        "GB_100"
    ],
    "confidences": [
        "confidence.class_0.RF_10",
        "confidence.class_1.RF_10",
        "confidence.class_2.RF_10",
        "confidence.class_0.RF_100",
        "confidence.class_1.RF_100",
        "confidence.class_2.RF_100",
        "confidence.class_0.RF_200",
        "confidence.class_1.RF_200",
        "confidence.class_2.RF_200",
        "confidence.class_0.GB_10",
        "confidence.class_1.GB_10",
        "confidence.class_2.GB_10",
        "confidence.class_0.GB_100",
        "confidence.class_1.GB_100",
        "confidence.class_2.GB_100"
    ],
    "predictor_descriptions": {
        "RF_10": "RandomForestClassifier(n_estimators=10)",
        "RF_100": "RandomForestClassifier()",
        "RF_200": "RandomForestClassifier(n_estimators=200)",
        "GB_10": "HistGradientBoostingClassifier(max_iter=10)",
        "GB_100": "HistGradientBoostingClassifier()"
    },
    "bad_predictors": [],
    "confidence_prefix": "confidence.",
    "feature_names": [
        "alcohol",
        "malic_acid",
        "ash",
        "alcalinity_of_ash",
        "magnesium",
        "total_phenols",
        "flavanoids",
        "nonflavanoid_phenols",
        "proanthocyanins",
        "color_intensity",
        "hue",
        "od280/od315_of_diluted_wines",
        "proline"
    ],
    "cat_feature_names": [],
    "selection_constraints": {
        "manual": true
    },
    "task_type": "classification",
    "predictor_corruptions_details": {},
    "use_validation_data": false,
    "random_int_seed_outer_folds": null,
    "random_int_seed_inner_folds": null,
    "folds": [
        4.0,
        5.0,
        7.0,
        4.0,
        1.0,
        0.0,
        5.0,
        7.0,
        6.0,
        3.0,
        0.0,
        1.0,
        5.0,
        6.0,
        5.0,
        7.0,
        8.0,
        1.0,
        2.0,
        5.0,
        8.0,
        4.0,
        6.0,
        9.0,
        3.0,
        9.0,
        4.0,
        2.0,
        0.0,
        5.0,
        2.0,
        8.0,
        3.0,
        8.0,
        1.0,
        2.0,
        4.0,
        2.0,
        9.0,
        9.0,
        8.0,
        6.0,
        0.0,
        2.0,
        7.0,
        4.0,
        1.0,
        3.0,
        6.0,
        3.0,
        3.0,
        1.0,
        6.0,
        9.0,
        0.0,
        0.0,
        8.0,
        7.0,
        7.0,
        1.0,
        8.0,
        2.0,
        5.0,
        9.0,
        4.0,
        6.0,
        4.0,
        9.0,
        3.0,
        4.0,
        1.0,
        3.0,
        4.0,
        1.0,
        6.0,
        3.0,
        4.0,
        0.0,
        8.0,
        7.0,
        4.0,
        3.0,
        7.0,
        7.0,
        5.0,
        1.0,
        9.0,
        9.0,
        2.0,
        8.0,
        3.0,
        1.0,
        7.0,
        3.0,
        6.0,
        2.0,
        7.0,
        9.0,
        6.0,
        0.0,
        6.0,
        0.0,
        9.0,
        7.0,
        2.0,
        9.0,
        1.0,
        8.0,
        2.0,
        0.0,
        3.0,
        2.0,
        6.0,
        1.0,
        9.0,
        5.0,
        5.0,
        5.0,
        8.0,
        0.0,
        8.0,
        4.0,
        8.0,
        6.0,
        0.0,
        2.0,
        5.0,
        0.0,
        7.0,
        5.0,
        5.0,
        1.0,
        7.0,
        1.0,
        4.0,
        1.0,
        9.0,
        0.0,
        4.0,
        8.0,
        2.0,
        8.0,
        3.0,
        4.0,
        7.0,
        8.0,
        6.0,
        5.0,
        9.0,
        6.0,
        2.0,
        1.0,
        5.0,
        8.0,
        7.0,
        6.0,
        1.0,
        5.0,
        9.0,
        0.0,
        3.0,
        3.0,
        0.0,
        2.0,
        4.0,
        2.0,
        7.0,
        0.0,
        2.0,
        5.0,
        3.0,
        4.0,
        9.0,
        3.0,
        0.0,
        6.0,
        7.0,
        6.0
    ]
}