{
    "openml_task_id": -3,
    "dataset_name": "breast_cancer",
    "target_name": "target",
    "class_labels": [
        "setosa",
        "versicolor",
        "virginica"
    ],
    "predictors": [
        "RF_10",
        "RF_100",
        "RF_200",
        "GB_10",
        "GB_100"
    ],
    "confidences": [
        "confidence.setosa.RF_10",
        "confidence.versicolor.RF_10",
        "confidence.virginica.RF_10",
        "confidence.setosa.RF_100",
        "confidence.versicolor.RF_100",
        "confidence.virginica.RF_100",
        "confidence.setosa.RF_200",
        "confidence.versicolor.RF_200",
        "confidence.virginica.RF_200",
        "confidence.setosa.GB_10",
        "confidence.versicolor.GB_10",
        "confidence.virginica.GB_10",
        "confidence.setosa.GB_100",
        "confidence.versicolor.GB_100",
        "confidence.virginica.GB_100"
    ],
    "predictor_descriptions": {
        "RF_10": "RandomForestClassifier(n_estimators=10)",
        "RF_100": "RandomForestClassifier()",
        "RF_200": "RandomForestClassifier(n_estimators=200)",
        "GB_10": "HistGradientBoostingClassifier(max_iter=10)",
        "GB_100": "HistGradientBoostingClassifier()"
    },
    "bad_predictors": [],
    "confidence_prefix": "confidence.",
    "feature_names": [
        "sepal length (cm)",
        "sepal width (cm)",
        "petal length (cm)",
        "petal width (cm)"
    ],
    "cat_feature_names": [],
    "selection_constraints": {
        "manual": true
    },
    "task_type": "classification",
    "predictor_corruptions_details": {},
    "use_validation_data": false,
    "random_int_seed_outer_folds": null,
    "random_int_seed_inner_folds": null,
    "folds": [
        5.0,
        2.0,
        2.0,
        8.0,
        0.0,
        5.0,
        7.0,
        6.0,
        4.0,
        0.0,
        6.0,
        7.0,
        5.0,
        6.0,
        3.0,
        1.0,
        2.0,
        9.0,
        9.0,
        5.0,
        3.0,
        6.0,
        6.0,
        3.0,
        8.0,
        4.0,
        8.0,
        1.0,
        2.0,
        5.0,
        1.0,
        3.0,
        8.0,
        9.0,
        0.0,
        2.0,
        7.0,
        4.0,
        1.0,
        4.0,
        7.0,
        4.0,
        3.0,
        1.0,
        7.0,
        9.0,
        0.0,
        0.0,
        9.0,
        8.0,
        0.0,
        6.0,
        4.0,
        3.0,
        2.0,
        5.0,
        1.0,
        9.0,
        6.0,
        7.0,
        9.0,
        1.0,
        6.0,
        3.0,
        8.0,
        6.0,
        1.0,
        4.0,
        5.0,
        8.0,
        5.0,
        8.0,
        4.0,
        1.0,
        8.0,
        9.0,
        4.0,
        2.0,
        5.0,
        2.0,
        4.0,
        0.0,
        2.0,
        9.0,
        5.0,
        3.0,
        2.0,
        7.0,
        7.0,
        0.0,
        6.0,
        0.0,
        3.0,
        3.0,
        8.0,
        7.0,
        1.0,
        7.0,
        9.0,
        0.0,
        1.0,
        4.0,
        5.0,
        9.0,
        2.0,
        1.0,
        8.0,
        4.0,
        3.0,
        5.0,
        8.0,
        9.0,
        5.0,
        3.0,
        1.0,
        7.0,
        3.0,
        7.0,
        5.0,
        1.0,
        2.0,
        7.0,
        0.0,
        0.0,
        8.0,
        6.0,
        6.0,
        3.0,
        4.0,
        6.0,
        2.0,
        3.0,
        9.0,
        6.0,
        8.0,
        0.0,
        4.0,
        2.0,
        9.0,
        1.0,
        4.0,
        7.0,
        2.0,
        8.0,
        9.0,
        0.0,
        5.0,
        6.0,
        7.0,
        0.0
    ]
}