{
    "openml_task_id": -1,
    "dataset_name": "breast_cancer",
    "target_name": "target",
    "class_labels": [
        "benign",
        "malignant"
    ],
    "predictors": [
        "RF_10",
        "RF_100",
        "RF_200",
        "GB_10",
        "GB_100"
    ],
    "confidences": [
        "confidence.benign.RF_10",
        "confidence.malignant.RF_10",
        "confidence.benign.RF_100",
        "confidence.malignant.RF_100",
        "confidence.benign.RF_200",
        "confidence.malignant.RF_200",
        "confidence.benign.GB_10",
        "confidence.malignant.GB_10",
        "confidence.benign.GB_100",
        "confidence.malignant.GB_100"
    ],
    "predictor_descriptions": {
        "RF_10": "RandomForestClassifier(n_estimators=10)",
        "RF_100": "RandomForestClassifier()",
        "RF_200": "RandomForestClassifier(n_estimators=200)",
        "GB_10": "HistGradientBoostingClassifier(max_iter=10)",
        "GB_100": "HistGradientBoostingClassifier()"
    },
    "bad_predictors": [],
    "confidence_prefix": "confidence.",
    "feature_names": [
        "mean radius",
        "mean texture",
        "mean perimeter",
        "mean area",
        "mean smoothness",
        "mean compactness",
        "mean concavity",
        "mean concave points",
        "mean symmetry",
        "mean fractal dimension",
        "radius error",
        "texture error",
        "perimeter error",
        "area error",
        "smoothness error",
        "compactness error",
        "concavity error",
        "concave points error",
        "symmetry error",
        "fractal dimension error",
        "worst radius",
        "worst texture",
        "worst perimeter",
        "worst area",
        "worst smoothness",
        "worst compactness",
        "worst concavity",
        "worst concave points",
        "worst symmetry",
        "worst fractal dimension"
    ],
    "cat_feature_names": [],
    "selection_constraints": {
        "manual": true
    },
    "task_type": "classification",
    "predictor_corruptions_details": {},
    "use_validation_data": false,
    "random_int_seed_outer_folds": null,
    "random_int_seed_inner_folds": null,
    "folds": [
        9.0,
        1.0,
        4.0,
        8.0,
        7.0,
        3.0,
        4.0,
        6.0,
        0.0,
        3.0,
        2.0,
        6.0,
        7.0,
        5.0,
        3.0,
        9.0,
        5.0,
        0.0,
        7.0,
        5.0,
        5.0,
        9.0,
        7.0,
        7.0,
        9.0,
        9.0,
        8.0,
        8.0,
        0.0,
        9.0,
        0.0,
        4.0,
        3.0,
        0.0,
        2.0,
        6.0,
        4.0,
        8.0,
        6.0,
        7.0,
        1.0,
        7.0,
        4.0,
        8.0,
        4.0,
        8.0,
        1.0,
        6.0,
        9.0,
        1.0,
        6.0,
        8.0,
        9.0,
        0.0,
        6.0,
        0.0,
        5.0,
        1.0,
        6.0,
        4.0,
        6.0,
        5.0,
        3.0,
        4.0,
        2.0,
        3.0,
        2.0,
        6.0,
        2.0,
        5.0,
        0.0,
        0.0,
        5.0,
        9.0,
        6.0,
        2.0,
        9.0,
        6.0,
        2.0,
        7.0,
        1.0,
        7.0,
        3.0,
        1.0,
        2.0,
        2.0,
        7.0,
        7.0,
        0.0,
        4.0,
        8.0,
        0.0,
        6.0,
        0.0,
        1.0,
        6.0,
        5.0,
        3.0,
        4.0,
        0.0,
        5.0,
        6.0,
        1.0,
        5.0,
        7.0,
        7.0,
        7.0,
        8.0,
        1.0,
        0.0,
        0.0,
        9.0,
        3.0,
        7.0,
        2.0,
        4.0,
        8.0,
        1.0,
        2.0,
        2.0,
        8.0,
        5.0,
        4.0,
        0.0,
        0.0,
        8.0,
        0.0,
        7.0,
        9.0,
        4.0,
        2.0,
        2.0,
        8.0,
        7.0,
        2.0,
        5.0,
        4.0,
        6.0,
        6.0,
        0.0,
        3.0,
        8.0,
        8.0,
        9.0,
        4.0,
        5.0,
        5.0,
        3.0,
        1.0,
        3.0,
        5.0,
        2.0,
        4.0,
        1.0,
        9.0,
        0.0,
        8.0,
        2.0,
        5.0,
        1.0,
        1.0,
        7.0,
        4.0,
        1.0,
        5.0,
        6.0,
        5.0,
        0.0,
        1.0,
        7.0,
        0.0,
        5.0,
        9.0,
        2.0,
        3.0,
        5.0,
        3.0,
        0.0,
        5.0,
        3.0,
        2.0,
        6.0,
        9.0,
        6.0,
        6.0,
        1.0,
        5.0,
        8.0,
        7.0,
        0.0,
        2.0,
        6.0,
        5.0,
        0.0,
        2.0,
        4.0,
        6.0,
        9.0,
        1.0,
        0.0,
        5.0,
        5.0,
        3.0,
        9.0,
        5.0,
        9.0,
        7.0,
        8.0,
        7.0,
        2.0,
        7.0,
        5.0,
        4.0,
        0.0,
        4.0,
        6.0,
        2.0,
        3.0,
        7.0,
        9.0,
        2.0,
        3.0,
        9.0,
        2.0,
        2.0,
        9.0,
        8.0,
        2.0,
        9.0,
        5.0,
        0.0,
        6.0,
        4.0,
        4.0,
        9.0,
        3.0,
        5.0,
        4.0,
        4.0,
        2.0,
        9.0,
        6.0,
        3.0,
        7.0,
        8.0,
        2.0,
        6.0,
        8.0,
        7.0,
        9.0,
        1.0,
        9.0,
        3.0,
        2.0,
        2.0,
        3.0,
        9.0,
        1.0,
        3.0,
        4.0,
        6.0,
        8.0,
        9.0,
        0.0,
        3.0,
        3.0,
        1.0,
        5.0,
        7.0,
        8.0,
        2.0,
        9.0,
        5.0,
        5.0,
        7.0,
        8.0,
        4.0,
        8.0,
        7.0,
        8.0,
        7.0,
        5.0,
        4.0,
        8.0,
        3.0,
        6.0,
        3.0,
        6.0,
        2.0,
        4.0,
        9.0,
        7.0,
        0.0,
        5.0,
        7.0,
        8.0,
        8.0,
        0.0,
        2.0,
        3.0,
        5.0,
        3.0,
        4.0,
        1.0,
        9.0,
        5.0,
        1.0,
        1.0,
        3.0,
        0.0,
        6.0,
        9.0,
        7.0,
        9.0,
        3.0,
        3.0,
        6.0,
        1.0,
        0.0,
        2.0,
        3.0,
        2.0,
        9.0,
        3.0,
        3.0,
        4.0,
        8.0,
        4.0,
        0.0,
        5.0,
        7.0,
        8.0,
        2.0,
        2.0,
        0.0,
        1.0,
        4.0,
        4.0,
        1.0,
        6.0,
        0.0,
        8.0,
        1.0,
        8.0,
        2.0,
        6.0,
        7.0,
        9.0,
        9.0,
        1.0,
        4.0,
        0.0,
        1.0,
        6.0,
        1.0,
        0.0,
        0.0,
        2.0,
        9.0,
        9.0,
        5.0,
        6.0,
        6.0,
        1.0,
        6.0,
        2.0,
        9.0,
        3.0,
        6.0,
        1.0,
        1.0,
        7.0,
        5.0,
        7.0,
        9.0,
        7.0,
        7.0,
        6.0,
        6.0,
        7.0,
        4.0,
        3.0,
        4.0,
        8.0,
        1.0,
        1.0,
        7.0,
        1.0,
        1.0,
        8.0,
        2.0,
        5.0,
        5.0,
        8.0,
        7.0,
        8.0,
        9.0,
        1.0,
        4.0,
        1.0,
        1.0,
        6.0,
        4.0,
        6.0,
        0.0,
        3.0,
        0.0,
        7.0,
        7.0,
        7.0,
        1.0,
        6.0,
        4.0,
        1.0,
        6.0,
        2.0,
        0.0,
        8.0,
        4.0,
        2.0,
        4.0,
        0.0,
        3.0,
        5.0,
        6.0,
        5.0,
        7.0,
        0.0,
        0.0,
        3.0,
        6.0,
        9.0,
        1.0,
        8.0,
        5.0,
        4.0,
        3.0,
        9.0,
        6.0,
        0.0,
        6.0,
        3.0,
        5.0,
        3.0,
        8.0,
        2.0,
        3.0,
        0.0,
        7.0,
        5.0,
        2.0,
        6.0,
        4.0,
        4.0,
        2.0,
        6.0,
        8.0,
        8.0,
        5.0,
        5.0,
        9.0,
        3.0,
        3.0,
        0.0,
        2.0,
        4.0,
        3.0,
        0.0,
        3.0,
        1.0,
        2.0,
        8.0,
        0.0,
        5.0,
        9.0,
        2.0,
        2.0,
        1.0,
        7.0,
        1.0,
        5.0,
        4.0,
        4.0,
        1.0,
        2.0,
        9.0,
        7.0,
        7.0,
        9.0,
        3.0,
        1.0,
        0.0,
        9.0,
        6.0,
        7.0,
        4.0,
        8.0,
        6.0,
        8.0,
        9.0,
        9.0,
        1.0,
        8.0,
        9.0,
        3.0,
        8.0,
        0.0,
        4.0,
        8.0,
        2.0,
        4.0,
        8.0,
        6.0,
        5.0,
        4.0,
        3.0,
        3.0,
        4.0,
        5.0,
        3.0,
        2.0,
        1.0,
        7.0,
        5.0,
        9.0,
        7.0,
        1.0,
        7.0,
        6.0,
        3.0,
        0.0,
        2.0,
        8.0,
        0.0,
        1.0,
        0.0,
        4.0,
        1.0,
        5.0,
        9.0,
        7.0,
        8.0,
        7.0,
        6.0,
        8.0,
        8.0,
        2.0,
        8.0,
        1.0,
        1.0,
        0.0,
        4.0,
        4.0,
        8.0,
        8.0,
        4.0,
        6.0,
        0.0,
        7.0,
        3.0,
        4.0,
        3.0,
        9.0,
        3.0,
        9.0,
        5.0,
        2.0,
        8.0,
        5.0
    ]
}